code,name,segment,growth_pct,op_margin_pct,roe_pct,per,pbr,div_yield_pct,div_growth_years,tech_score,vol_ratio,margin_ratio,analyst_rating,ret_1m_pct,ret_3m_pct
8306,三菱UFJフィナンシャル・グループ,銀行,28.8,45.6,9.46,15.084366,1.7687066,2.71,9,16.0,0.08690167479030829,,4.27273,-2.33,11.29
8316,三井住友フィナンシャルグループ,銀行,24.8,40.9,8.57,14.913461,1.5693603,2.71,10,1.0,0.11284525078838321,,4.25,-2.58,6.14
8411,みずほフィナンシャルグループ,銀行,35.0,46.69,12.49,15.224334,1.8039758,1.78,0,16.0,0.07258571085140868,,4.0,-1.03,10.15
8309,三井住友トラスト・ホールディングス,銀行,27.3,39.5,10.78,13.299001,1.3192433,2.73,6,31.0,0.0792602527190937,,3.75,-1.67,16.3
8604,野村ホールディングス,証券,31.2,30.8,11.16,11.3694315,1.155538,3.38,0,15.0,0.056327139770404766,,3.85714,-7.59,5.31
8601,大和証券グループ本社,証券,57.2,30.1,10.96,14.16029,1.353507,4.0,0,16.0,0.07853757616790792,,3.0,-5.51,7.75
8628,松井証券,証券,48.3,55.16,23.19,18.545698,3.5068243,5.06,3,16.0,0.06692895981610009,,3.0,-5.97,18.59
8616,東海東京フィナンシャル・ホールディングス,証券,43.1,28.82,12.92,13.725191,1.1600465,5.04,3,47.0,0.285687514640431,,,0.72,21.18
8801,三井不動産,不動産,-23.1,16.78,6.71,14.188119,1.1885616,2.59,5,16.0,0.07929032288946956,,,-6.69,-1.89
8802,三菱地所,不動産,39.4,24.36,10.7,19.334433,1.5546054,1.43,3,16.0,0.06727714445897963,,,-7.88,-11.1
3289,東急不動産ホールディングス,不動産,-0.8,16.3,10.54,8.880752,0.9401735,4.16,5,16.0,0.0764624669021163,,,-9.66,-4.71
8804,東京建物,不動産,16.6,28.42,10.64,10.8207445,1.0953236,4.05,0,15.0,0.05339485113342214,,,-7.57,-0.74
8830,住友不動産,不動産,,36.6,9.36,13.543998,1.1133246,1.68,10,15.0,0.04868044056314028,,,-8.3,-15.17
7203,トヨタ自動車,自動車,10.4,7.86,12.4,8.211907,0.91585845,3.5,7,16.0,0.1168868561133471,,4.26316,-9.51,7.71
7267,ホンダ,自動車,13.5,8.76,-0.76,,0.5226288,4.21,1,36.0,0.08871734416947498,,3.64706,-2.25,15.04
7201,日産自動車,自動車,9.5,2.63,-7.65,,0.20253421,0.0,0,16.0,0.1123982186528717,,2.88235,-16.67,-7.01
7269,スズキ,自動車,22.0,9.26,15.32,8.688395,1.0782188,2.66,4,16.0,0.10511087944596698,,4.41176,-11.19,0.62
7211,三菱自動車工業,自動車,1.8,1.63,2.27,45.62834,0.49860993,2.96,0,16.0,0.0923532497761661,,2.91667,-13.49,10.07
6758,ソニーグループ,電機,8.2,16.72,13.16,20.275928,2.6502101,0.93,11,51.0,0.08195672137393786,,4.65217,-6.2,16.77
6501,日立製作所,電機,20.0,10.86,,32.093945,3.8691595,1.01,8,51.0,0.16398984118839802,,4.42857,2.87,26.78
6752,パナソニックホールディングス,電機,6.4,9.19,5.25,56.89294,1.9945356,1.18,0,51.0,0.0932327032221207,,4.375,4.2,-2.6
6702,富士通,電機,3.9,6.74,16.2,23.336615,3.4349031,1.47,8,36.0,0.1384739507920448,,4.23077,2.75,25.29
6503,三菱電機,電機,14.0,9.32,10.28,26.967878,2.3945305,1.14,4,31.0,0.08521739434318654,,4.0,-2.57,-10.86
8058,三菱商事,商社,22.8,2.9,10.08,22.475927,1.7923416,2.68,10,16.0,0.0868907290904177,,,-3.62,9.96
8031,三井物産,商社,31.7,3.4,11.38,16.915356,1.5530283,2.65,6,16.0,0.08402105507862445,,3.92308,-4.01,12.38
8001,伊藤忠商事,商社,8.9,5.3,14.09,17.172668,2.2608476,2.02,6,16.0,0.06656164254937351,,4.33333,2.9,19.38
8053,住友商事,商社,9.0,5.3,13.61,13.945932,1.7398032,2.31,3,16.0,0.061838369121207534,,,-4.94,12.31
2768,双日,商社,39.3,3.45,10.73,11.1591625,1.0036876,3.25,5,1.0,0.06583567793944668,,,-3.49,8.75
